ac_number,ac_name,table_no,polling_station_no,candidate_1,candidate_2,candidate_3,candidate_4,candidate_5,candidate_6,candidate_7,candidate_8,candidate_9,candidate_10,candidate_11,candidate_12,candidate_13,candidate_14,candidate_15,candidate_16,total_valid,rejected,total,tendered
029,SRIPERUMBUDUR (SC),1,1,11,351,440,9,4,5,1,0,26,0,1,1,1,7,7,12,876,0,876,0
029,SRIPERUMBUDUR (SC),2,2,6,215,223,7,2,114,0,3,15,0,0,0,1,1,3,7,597,0,597,0
029,SRIPERUMBUDUR (SC),3,3,4,120,202,6,1,201,0,0,9,1,0,1,0,0,0,2,547,0,547,0
029,SRIPERUMBUDUR (SC),4,4,10,196,262,4,6,326,3,2,45,0,8,0,2,1,1,1,867,0,867,0
029,SRIPERUMBUDUR (SC),5,5,7,281,226,4,7,274,0,1,23,1,4,0,1,4,3,2,838,0,838,0
029,SRIPERUMBUDUR (SC),6,6,4,124,216,4,7,114,2,0,14,0,0,0,0,0,2,4,491,0,491,0
029,SRIPERUMBUDUR (SC),7,7,33,211,262,7,0,105,1,0,45,1,0,3,1,4,10,6,689,0,689,0
029,SRIPERUMBUDUR (SC),8,8,5,354,172,4,7,15,0,0,34,0,0,0,0,1,2,3,597,0,597,0
029,SRIPERUMBUDUR (SC),9,9,1,153,221,5,6,9,0,0,7,0,0,0,0,4,0,3,409,0,409,0
029,SRIPERUMBUDUR (SC),10,10,9,399,323,6,6,47,1,0,99,0,0,1,0,2,2,11,906,0,906,0
029,SRIPERUMBUDUR (SC),11,11,5,264,291,4,2,27,0,0,53,0,1,0,2,3,3,6,661,0,661,0
029,SRIPERUMBUDUR (SC),12,12,1,91,162,4,2,302,1,1,11,1,0,1,0,1,2,7,587,0,587,0
029,SRIPERUMBUDUR (SC),13,13,2,167,307,7,4,186,2,2,34,1,0,0,0,0,0,2,714,0,714,0
029,SRIPERUMBUDUR (SC),14,14,4,121,128,9,2,198,1,0,8,1,0,0,1,0,0,3,476,0,476,0
029,SRIPERUMBUDUR (SC),15,15,5,259,144,1,2,73,1,2,14,0,0,0,2,0,2,2,501,0,501,0
029,SRIPERUMBUDUR (SC),16,16,2,86,146,0,4,3,0,0,0,0,0,0,0,1,1,2,241,0,241,0
029,SRIPERUMBUDUR (SC),17,17,3,199,154,5,2,128,2,0,5,0,0,0,0,0,1,2,498,0,498,0
029,SRIPERUMBUDUR (SC),18,18,0,135,228,7,3,13,0,0,23,0,0,0,0,0,1,0,409,0,409,0
029,SRIPERUMBUDUR (SC),19,19,4,564,385,5,8,15,0,0,37,0,4,0,1,2,0,6,1022,0,1022,0
029,SRIPERUMBUDUR (SC),20,20,7,194,231,11,0,168,1,0,17,1,0,0,1,7,3,6,630,0,630,0
029,SRIPERUMBUDUR (SC),21,21,3,210,228,11,4,206,0,0,10,0,0,1,1,1,2,4,672,0,672,0
029,SRIPERUMBUDUR (SC),22,22,0,176,199,8,3,194,1,0,25,0,0,1,0,0,4,3,606,0,606,0
029,SRIPERUMBUDUR (SC),23,23,2,167,315,8,4,105,3,0,74,0,1,0,0,1,3,2,679,0,679,0
029,SRIPERUMBUDUR (SC),24,24,0,346,371,12,3,258,1,1,13,0,1,0,1,0,0,3,1006,0,1006,0
029,SRIPERUMBUDUR (SC),25,25,0,208,81,2,0,248,4,0,28,0,0,0,1,1,1,3,571,0,571,0
029,SRIPERUMBUDUR (SC),26,26M,0,256,187,4,4,175,0,4,47,0,0,0,0,2,3,6,677,0,677,0
029,SRIPERUMBUDUR (SC),27,26A(W),4,266,265,9,4,138,1,3,27,0,1,3,1,0,4,3,718,0,718,0
029,SRIPERUMBUDUR (SC),28,27,1,215,177,5,1,119,1,0,20,1,1,0,0,0,0,3,541,0,541,0
029,SRIPERUMBUDUR (SC),29,28,3,398,362,7,2,219,1,1,35,0,1,2,0,1,2,1,1035,0,1035,0
029,SRIPERUMBUDUR (SC),30,29,1,56,76,10,3,37,0,1,11,0,0,0,0,0,1,2,198,0,198,0
029,SRIPERUMBUDUR (SC),31,30,4,343,148,18,3,12,1,0,24,0,0,0,1,1,0,11,566,0,566,0
029,SRIPERUMBUDUR (SC),32,31,1,278,179,14,10,52,0,0,37,0,0,0,1,1,1,14,588,0,588,0
029,SRIPERUMBUDUR (SC),33,32,2,232,153,10,6,39,0,0,42,0,0,0,1,0,1,8,494,0,494,0
029,SRIPERUMBUDUR (SC),34,33,3,255,332,12,4,55,0,2,66,1,0,0,1,2,2,9,744,0,744,0
029,SRIPERUMBUDUR (SC),35,34,5,303,396,20,5,55,4,2,98,0,0,1,0,2,0,11,902,0,902,0
029,SRIPERUMBUDUR (SC),36,35,1,189,161,7,9,20,1,0,29,0,0,0,0,0,0,5,422,0,422,0
029,SRIPERUMBUDUR (SC),37,36,4,240,223,31,8,41,0,1,36,0,0,0,0,1,0,3,588,0,588,0
029,SRIPERUMBUDUR (SC),38,37,2,295,131,5,4,89,0,2,19,0,1,0,2,0,2,5,557,0,557,0
029,SRIPERUMBUDUR (SC),39,38,0,325,260,6,2,21,0,0,67,0,0,0,1,1,3,6,692,0,692,0
029,SRIPERUMBUDUR (SC),40,39,3,236,208,12,4,527,5,1,28,0,2,1,1,1,2,6,1037,0,1037,0
029,SRIPERUMBUDUR (SC),41,40,1,81,127,0,3,19,0,0,11,0,1,2,1,1,0,3,250,0,250,0
029,SRIPERUMBUDUR (SC),42,41,2,261,219,6,3,276,1,0,23,0,0,0,0,1,2,5,799,0,799,0
029,SRIPERUMBUDUR (SC),43,42,9,330,323,15,3,126,3,0,73,1,3,1,1,1,2,12,903,0,903,0
029,SRIPERUMBUDUR (SC),44,43,3,294,135,3,4,167,3,0,29,2,0,0,3,1,2,5,651,0,651,0
029,SRIPERUMBUDUR (SC),45,44,2,229,209,3,8,279,2,0,27,0,1,0,0,0,6,3,769,0,769,0
029,SRIPERUMBUDUR (SC),46,45,0,278,269,12,10,258,0,7,34,0,0,1,0,2,3,9,883,0,883,0
029,SRIPERUMBUDUR (SC),47,46,0,396,246,8,2,136,1,0,26,0,0,0,2,0,7,7,831,0,831,0
029,SRIPERUMBUDUR (SC),48,47,3,317,237,14,6,142,3,2,38,3,1,0,3,2,8,6,785,0,785,0
029,SRIPERUMBUDUR (SC),49,48,3,318,300,20,13,292,1,4,103,1,1,0,0,5,1,1,1063,0,1063,0
029,SRIPERUMBUDUR (SC),50,49,1,279,264,2,4,110,0,1,78,1,0,0,0,5,1,9,755,0,755,0
029,SRIPERUMBUDUR (SC),51,50,1,276,234,24,6,138,0,1,60,1,0,0,0,0,0,5,746,0,746,0
029,SRIPERUMBUDUR (SC),52,51,1,339,436,7,1,28,0,2,134,0,1,3,1,3,1,3,960,0,960,0
029,SRIPERUMBUDUR (SC),53,52,2,173,206,5,0,30,0,0,25,0,1,1,0,0,1,3,447,0,447,0
029,SRIPERUMBUDUR (SC),54,53,1,208,243,8,5,137,2,0,23,1,0,1,0,0,1,5,635,0,635,0
029,SRIPERUMBUDUR (SC),55,54,1,167,198,3,3,60,0,1,32,1,0,0,0,1,2,1,470,0,470,0
029,SRIPERUMBUDUR (SC),56,55,3,283,314,11,4,33,0,1,40,1,0,2,0,0,1,7,700,0,700,0
029,SRIPERUMBUDUR (SC),57,56,5,283,492,7,5,9,0,2,81,0,0,0,2,4,1,9,900,0,900,0
029,SRIPERUMBUDUR (SC),58,57,1,205,177,27,16,36,0,4,32,1,0,0,0,2,1,6,508,0,508,0
029,SRIPERUMBUDUR (SC),59,58,3,334,302,12,8,27,0,3,88,2,0,1,2,1,1,5,789,0,789,0
029,SRIPERUMBUDUR (SC),60,59,0,237,228,17,6,115,0,1,26,2,0,0,0,1,0,3,636,0,636,0
029,SRIPERUMBUDUR (SC),61,60,0,233,218,14,4,71,0,0,41,0,0,0,0,0,1,8,590,0,590,0
029,SRIPERUMBUDUR (SC),62,61,4,362,228,42,13,74,2,6,69,0,0,0,1,1,2,33,837,0,837,0
029,SRIPERUMBUDUR (SC),63,62,3,198,159,18,12,40,0,1,15,0,1,0,0,1,1,5,454,0,454,0
029,SRIPERUMBUDUR (SC),64,63,2,180,157,26,8,17,1,4,30,0,0,0,0,0,1,7,433,0,433,0
029,SRIPERUMBUDUR (SC),65,64,3,221,197,16,6,79,1,2,37,0,1,0,0,0,1,5,569,0,569,0
029,SRIPERUMBUDUR (SC),66,65,0,191,243,14,6,67,0,2,16,0,0,0,0,2,0,11,552,0,552,0
029,SRIPERUMBUDUR (SC),67,66,2,188,166,22,9,60,0,1,8,0,0,0,0,0,1,10,467,0,467,0
029,SRIPERUMBUDUR (SC),68,67,1,245,147,6,9,21,1,0,16,0,0,0,0,2,3,8,459,0,459,0
029,SRIPERUMBUDUR (SC),69,68,1,197,153,29,5,37,1,4,46,0,0,0,0,0,2,19,494,0,494,0
029,SRIPERUMBUDUR (SC),70,69,2,166,238,10,6,208,0,1,29,1,0,1,2,2,3,8,677,0,677,0
029,SRIPERUMBUDUR (SC),71,70,0,190,246,14,12,52,2,0,35,0,0,0,0,0,0,13,564,0,564,0
029,SRIPERUMBUDUR (SC),72,71,0,217,266,18,25,58,0,0,31,0,0,0,0,0,1,12,628,0,628,0
029,SRIPERUMBUDUR (SC),73,72,5,194,251,9,8,12,0,1,56,0,1,0,2,2,3,11,555,0,555,0
029,SRIPERUMBUDUR (SC),74,73,1,120,186,3,4,15,1,1,114,0,0,0,0,0,0,2,447,0,447,0
029,SRIPERUMBUDUR (SC),75,74,0,207,150,14,13,24,0,2,40,0,0,0,0,0,0,16,466,0,466,0
029,SRIPERUMBUDUR (SC),76,75,1,199,159,18,11,42,0,3,54,0,1,0,0,1,0,15,504,0,504,0
029,SRIPERUMBUDUR (SC),77,76,3,337,306,15,21,27,0,8,80,0,1,1,0,1,0,17,817,0,817,0
029,SRIPERUMBUDUR (SC),78,77,36,258,352,10,5,0,0,6,51,0,0,0,2,3,2,5,730,0,730,0
029,SRIPERUMBUDUR (SC),79,78,4,378,413,7,18,2,1,19,98,2,2,1,3,0,2,8,958,0,958,0
029,SRIPERUMBUDUR (SC),80,79,6,253,520,14,5,29,0,0,63,1,0,0,0,1,0,4,896,0,896,0
029,SRIPERUMBUDUR (SC),81,80,4,218,440,8,5,12,0,0,62,0,1,0,2,2,2,13,769,0,769,0
029,SRIPERUMBUDUR (SC),82,81,24,283,386,13,1,18,0,0,31,0,1,1,1,1,0,3,763,0,763,0
029,SRIPERUMBUDUR (SC),83,82,32,159,226,3,1,0,0,0,53,0,0,1,1,0,0,2,478,0,478,0
029,SRIPERUMBUDUR (SC),84,83,6,428,596,6,5,50,0,1,58,1,0,0,0,4,5,3,1163,0,1163,0
029,SRIPERUMBUDUR (SC),85,84,5,215,244,0,9,2,0,2,58,0,1,0,0,0,3,3,542,0,542,0
029,SRIPERUMBUDUR (SC),86,85,2,187,298,8,5,7,0,2,76,0,0,0,0,1,1,3,590,0,590,0
029,SRIPERUMBUDUR (SC),87,86,9,365,340,11,11,6,0,0,42,0,0,1,0,2,3,5,795,0,795,0
029,SRIPERUMBUDUR (SC),88,87,9,358,338,6,4,8,0,0,57,0,0,0,0,1,0,1,782,0,782,0
029,SRIPERUMBUDUR (SC),89,88,1,418,366,7,4,56,1,1,34,0,1,1,2,0,4,6,902,0,902,0
029,SRIPERUMBUDUR (SC),90,89,3,223,234,5,3,12,0,1,21,0,1,0,0,1,1,4,509,0,509,0
029,SRIPERUMBUDUR (SC),91,90,0,308,202,7,2,31,0,0,26,1,0,1,0,1,1,5,585,0,585,0
029,SRIPERUMBUDUR (SC),92,91,1,313,201,18,2,27,0,1,69,0,0,0,0,0,0,10,642,0,642,0
029,SRIPERUMBUDUR (SC),93,92,0,195,336,13,10,31,0,0,65,0,0,2,0,1,0,12,665,0,665,0
029,SRIPERUMBUDUR (SC),94,93,3,201,276,11,4,239,0,1,24,1,2,1,1,0,2,4,770,0,770,0
029,SRIPERUMBUDUR (SC),95,94,2,298,499,11,2,108,0,0,48,0,0,0,0,1,2,8,979,0,979,0
029,SRIPERUMBUDUR (SC),96,95,10,277,393,13,1,81,3,1,34,2,1,1,0,5,1,7,830,0,830,0
029,SRIPERUMBUDUR (SC),97,96,6,190,291,11,4,153,0,1,46,0,0,0,1,0,0,8,711,0,711,0
029,SRIPERUMBUDUR (SC),98,97,7,123,375,13,11,21,0,2,182,1,1,0,0,4,0,3,743,0,743,0
029,SRIPERUMBUDUR (SC),99,98,9,269,326,2,7,11,1,1,33,1,0,1,0,0,0,7,668,0,668,0
029,SRIPERUMBUDUR (SC),100,99,7,260,358,14,11,30,1,1,37,0,0,0,1,0,1,8,729,0,729,0
029,SRIPERUMBUDUR (SC),101,100,4,401,227,14,5,57,0,0,58,0,1,0,0,0,0,4,771,0,771,0
029,SRIPERUMBUDUR (SC),102,101,1,302,265,12,5,15,0,0,50,0,0,0,0,0,1,12,663,0,663,0
029,SRIPERUMBUDUR (SC),103,102,2,246,267,10,11,7,1,1,46,1,1,2,1,0,1,17,614,0,614,0
029,SRIPERUMBUDUR (SC),104,103,0,241,277,5,14,16,0,0,33,0,0,0,4,1,1,8,600,0,600,0
029,SRIPERUMBUDUR (SC),105,104,1,324,475,12,20,13,0,2,61,1,0,2,0,2,2,15,930,0,930,0
029,SRIPERUMBUDUR (SC),106,105,0,290,458,7,2,5,0,0,38,2,0,1,1,3,0,8,815,0,815,0
029,SRIPERUMBUDUR (SC),107,106,0,293,346,7,12,24,0,0,40,0,0,0,0,2,0,14,738,0,738,0
029,SRIPERUMBUDUR (SC),108,107,0,289,492,9,18,18,0,1,76,2,0,0,2,2,0,9,918,0,918,0
029,SRIPERUMBUDUR (SC),109,108,3,222,264,6,9,11,0,0,32,0,0,0,0,1,1,9,558,0,558,0
029,SRIPERUMBUDUR (SC),110,109,2,186,416,2,13,21,0,0,44,0,0,1,0,2,0,11,698,0,698,0
029,SRIPERUMBUDUR (SC),111,110,2,285,342,11,5,7,0,0,47,1,0,0,0,1,1,7,709,0,709,0
029,SRIPERUMBUDUR (SC),112,111,0,144,213,2,3,10,0,0,34,0,0,1,1,0,1,1,410,0,410,0
029,SRIPERUMBUDUR (SC),113,112,0,257,470,10,9,16,0,1,63,0,0,1,1,2,0,14,844,0,844,0
029,SRIPERUMBUDUR (SC),114,113,0,181,355,6,7,22,0,0,15,0,0,0,1,2,0,2,591,0,591,0
029,SRIPERUMBUDUR (SC),115,114,2,264,285,3,4,39,1,1,8,0,0,0,1,3,0,9,620,0,620,0
029,SRIPERUMBUDUR (SC),116,115,4,418,578,10,6,5,0,2,48,0,0,0,0,1,1,10,1083,0,1083,0
029,SRIPERUMBUDUR (SC),117,116,0,173,221,4,4,5,0,1,39,0,1,0,0,0,0,5,453,0,453,0
029,SRIPERUMBUDUR (SC),118,117,4,338,358,8,5,2,0,1,52,0,0,0,0,2,0,7,777,0,777,0
029,SRIPERUMBUDUR (SC),119,118,2,319,456,26,33,46,1,2,60,0,0,0,0,0,3,13,961,0,961,0
029,SRIPERUMBUDUR (SC),120,119,3,130,185,4,5,60,0,0,18,0,2,1,0,1,0,6,415,0,415,0
029,SRIPERUMBUDUR (SC),121,120,0,149,231,55,5,155,0,1,17,0,0,0,0,0,0,6,619,0,619,0
029,SRIPERUMBUDUR (SC),122,121,2,333,471,13,29,81,2,1,81,0,1,0,0,0,2,15,1031,0,1031,0
029,SRIPERUMBUDUR (SC),123,122,0,189,300,0,9,1,0,1,68,0,0,0,0,1,1,2,572,0,572,0
029,SRIPERUMBUDUR (SC),124,123,2,241,314,3,4,4,0,0,128,1,0,0,0,1,0,1,699,0,699,0
029,SRIPERUMBUDUR (SC),125,124,1,196,397,7,18,10,0,1,14,0,0,0,0,2,1,11,658,0,658,0
029,SRIPERUMBUDUR (SC),126,125,2,234,346,8,12,2,0,0,23,0,1,1,0,4,0,8,641,0,641,0
029,SRIPERUMBUDUR (SC),127,126,3,269,316,5,14,2,0,0,33,0,0,0,0,4,0,1,647,0,647,0
029,SRIPERUMBUDUR (SC),128,127,2,274,354,8,15,19,0,1,37,0,0,0,0,0,0,6,716,0,716,0
029,SRIPERUMBUDUR (SC),129,128,3,174,265,5,2,62,0,0,17,0,0,0,0,4,0,4,536,0,536,0
029,SRIPERUMBUDUR (SC),130,129,6,237,385,4,10,58,0,0,10,0,0,0,0,1,0,7,718,0,718,0
029,SRIPERUMBUDUR (SC),131,130,2,355,529,22,37,39,0,0,43,0,0,1,0,1,0,11,1040,0,1040,0
029,SRIPERUMBUDUR (SC),132,131,1,291,364,6,13,19,0,3,35,0,0,0,0,0,0,10,742,0,742,0
029,SRIPERUMBUDUR (SC),133,132,5,464,307,7,9,18,0,0,37,1,1,1,1,0,1,13,865,0,865,0
029,SRIPERUMBUDUR (SC),134,133,0,134,105,15,17,25,0,0,27,0,0,0,0,0,0,15,338,0,338,0
029,SRIPERUMBUDUR (SC),135,134,4,288,383,19,26,186,1,2,36,0,0,0,0,0,0,25,970,0,970,0
029,SRIPERUMBUDUR (SC),136,135,4,297,367,31,23,36,1,0,41,0,0,0,0,1,1,26,828,0,828,0
029,SRIPERUMBUDUR (SC),137,136,3,225,192,22,14,33,0,0,29,0,0,0,0,0,0,17,535,0,535,0
029,SRIPERUMBUDUR (SC),138,137,1,284,224,15,9,22,2,1,102,1,0,0,0,0,1,3,665,0,665,0
029,SRIPERUMBUDUR (SC),139,138,3,196,299,20,17,44,0,0,33,0,0,0,0,0,0,13,625,0,625,0
029,SRIPERUMBUDUR (SC),140,139,1,302,266,24,32,66,1,0,62,0,0,0,1,1,0,32,788,0,788,0
029,SRIPERUMBUDUR (SC),141,140,4,233,301,26,21,61,0,5,38,0,0,0,1,1,0,16,707,0,707,0
029,SRIPERUMBUDUR (SC),142,141,3,356,448,36,16,62,1,2,63,0,0,1,1,0,1,22,1012,0,1012,0
029,SRIPERUMBUDUR (SC),143,142,5,269,378,23,24,262,2,0,40,1,0,0,0,3,3,10,1020,0,1020,0
029,SRIPERUMBUDUR (SC),144,143,1,181,283,7,11,150,0,0,22,1,0,0,0,0,2,10,668,0,668,0
029,SRIPERUMBUDUR (SC),145,144,0,108,141,7,2,119,0,0,28,0,0,0,0,0,0,1,406,0,406,0
029,SRIPERUMBUDUR (SC),146,145,2,169,272,9,12,69,1,1,30,0,1,1,0,0,0,13,580,0,580,0
029,SRIPERUMBUDUR (SC),147,146,0,176,204,20,15,51,0,0,27,1,0,0,0,0,0,18,512,0,512,0
029,SRIPERUMBUDUR (SC),148,147,1,186,232,5,11,101,0,1,33,1,0,1,0,1,1,8,582,0,582,0
029,SRIPERUMBUDUR (SC),149,148,1,235,280,12,19,23,0,1,61,0,0,0,0,2,0,12,646,0,646,0
029,SRIPERUMBUDUR (SC),150,149,2,387,440,25,29,41,0,1,96,0,0,0,0,1,1,13,1036,0,1036,0
029,SRIPERUMBUDUR (SC),151,150,4,190,167,13,14,23,0,3,49,0,0,0,0,0,1,14,478,0,478,0
029,SRIPERUMBUDUR (SC),152,151,0,210,229,16,16,40,0,1,39,0,0,1,0,1,1,12,566,0,566,0
029,SRIPERUMBUDUR (SC),153,152,4,319,498,6,11,7,0,0,55,0,1,0,0,1,0,5,907,0,907,0
029,SRIPERUMBUDUR (SC),154,153,3,379,344,12,14,9,0,1,62,0,0,1,2,2,4,9,842,0,842,0
029,SRIPERUMBUDUR (SC),155,154,6,291,266,2,11,0,0,0,52,0,0,0,1,0,1,4,634,0,634,0
029,SRIPERUMBUDUR (SC),156,155,5,184,162,4,7,5,1,0,24,0,0,0,1,1,0,0,394,0,394,0
029,SRIPERUMBUDUR (SC),157,156,2,211,340,9,8,11,0,0,33,0,1,0,0,1,0,8,624,0,624,0
029,SRIPERUMBUDUR (SC),158,157,2,402,267,6,6,5,0,0,8,0,0,0,0,0,1,15,712,0,712,0
029,SRIPERUMBUDUR (SC),159,158,1,547,256,7,8,40,0,1,12,0,0,1,1,0,2,13,889,0,889,0
029,SRIPERUMBUDUR (SC),160,159,5,439,450,5,3,1,1,0,39,0,0,0,2,0,1,10,956,0,956,0
029,SRIPERUMBUDUR (SC),161,160,1,211,281,9,8,43,1,0,23,0,0,0,1,2,1,9,590,0,590,0
029,SRIPERUMBUDUR (SC),162,161,1,388,229,5,3,5,0,1,17,0,0,0,0,1,1,13,664,0,664,0
029,SRIPERUMBUDUR (SC),163,162,0,262,265,5,2,191,0,0,14,0,0,0,2,2,4,5,752,0,752,0
029,SRIPERUMBUDUR (SC),164,163,4,291,415,17,15,142,1,1,54,0,0,1,0,2,0,18,961,0,961,0
029,SRIPERUMBUDUR (SC),165,164,0,118,155,11,7,59,0,0,13,0,0,0,0,0,0,4,367,0,367,0
029,SRIPERUMBUDUR (SC),166,165,3,152,276,12,14,24,0,3,57,0,0,0,0,2,0,12,555,0,555,0
029,SRIPERUMBUDUR (SC),167,166,4,236,361,21,17,59,0,1,49,0,0,0,0,0,1,15,764,0,764,0
029,SRIPERUMBUDUR (SC),168,167,2,211,293,21,31,53,0,0,69,0,0,0,0,1,1,15,697,0,697,0
029,SRIPERUMBUDUR (SC),169,168,5,162,268,4,4,62,0,1,39,0,0,0,1,1,0,7,554,0,554,0
029,SRIPERUMBUDUR (SC),170,169,1,175,458,11,17,160,1,0,40,0,0,2,1,0,0,3,869,0,869,0
029,SRIPERUMBUDUR (SC),171,170,1,312,615,11,19,19,1,0,71,2,0,0,2,1,0,17,1071,0,1071,0
029,SRIPERUMBUDUR (SC),172,171,2,227,280,5,10,6,0,0,71,1,0,0,0,3,1,9,615,0,615,0
029,SRIPERUMBUDUR (SC),173,172,3,367,346,52,32,46,1,1,66,0,0,1,0,0,0,31,946,0,946,0
029,SRIPERUMBUDUR (SC),174,173,1,310,286,38,32,38,0,1,51,1,0,0,1,0,1,34,794,0,794,0
029,SRIPERUMBUDUR (SC),175,174,2,275,454,19,21,46,0,2,37,1,2,0,1,0,3,18,881,0,881,0
029,SRIPERUMBUDUR (SC),176,175,3,212,298,10,29,14,0,0,36,0,0,0,0,0,0,15,617,0,617,0
029,SRIPERUMBUDUR (SC),177,176,2,339,465,40,37,38,1,0,83,0,0,0,0,0,1,31,1037,0,1037,0
029,SRIPERUMBUDUR (SC),178,177,2,222,362,6,16,21,0,0,15,0,1,0,0,0,0,12,657,0,657,0
029,SRIPERUMBUDUR (SC),179,178,2,208,366,25,10,18,1,0,15,0,1,0,1,0,0,22,669,0,669,0
029,SRIPERUMBUDUR (SC),180,179,2,212,259,17,10,16,0,0,30,0,0,0,0,1,0,9,556,0,556,0
029,SRIPERUMBUDUR (SC),181,180,1,232,416,11,6,15,0,0,54,0,1,0,0,0,0,10,746,0,746,0
029,SRIPERUMBUDUR (SC),182,181,3,227,544,9,22,6,1,0,41,1,1,0,0,0,1,4,860,0,860,0
029,SRIPERUMBUDUR (SC),183,182,2,289,495,29,29,41,0,1,59,0,0,0,1,1,0,24,971,0,971,0
029,SRIPERUMBUDUR (SC),184,183,2,445,208,14,32,11,0,0,56,0,0,0,0,1,2,8,779,0,779,0
029,SRIPERUMBUDUR (SC),185,184,1,300,328,37,40,90,0,2,49,0,0,1,0,0,1,15,864,0,864,0
029,SRIPERUMBUDUR (SC),186,185,3,144,200,19,6,6,0,1,10,0,0,0,1,3,1,10,404,0,404,0
029,SRIPERUMBUDUR (SC),187,186,1,201,184,8,7,16,0,1,16,0,0,1,0,0,0,11,446,0,446,0
029,SRIPERUMBUDUR (SC),188,187,2,247,336,21,14,34,0,0,30,0,0,0,0,1,0,9,694,0,694,0
029,SRIPERUMBUDUR (SC),189,188,1,236,313,16,14,15,1,1,31,0,0,1,0,0,2,12,643,0,643,0
029,SRIPERUMBUDUR (SC),190,189,4,273,267,21,20,33,0,2,34,1,0,0,0,0,0,12,667,0,667,0
029,SRIPERUMBUDUR (SC),191,190,4,207,354,19,19,35,1,0,38,0,1,1,1,1,1,11,693,0,693,0
029,SRIPERUMBUDUR (SC),192,191,4,334,270,9,18,13,0,1,44,0,0,0,0,0,1,12,706,0,706,0
029,SRIPERUMBUDUR (SC),193,192,2,228,363,8,13,20,0,1,21,0,0,0,0,0,0,21,677,0,677,0
029,SRIPERUMBUDUR (SC),194,193,5,225,308,17,14,8,0,0,33,0,1,0,0,1,0,13,625,0,625,0
029,SRIPERUMBUDUR (SC),195,194,2,188,241,10,11,10,0,1,38,1,0,0,0,0,0,12,514,0,514,0
029,SRIPERUMBUDUR (SC),196,195,1,241,440,12,10,14,0,0,29,0,0,1,0,1,1,7,757,0,757,0
029,SRIPERUMBUDUR (SC),197,196,1,285,329,17,7,21,2,1,38,0,0,0,0,2,3,7,713,0,713,0
029,SRIPERUMBUDUR (SC),198,197,0,277,375,5,8,3,0,1,57,0,1,0,1,0,1,2,731,0,731,0
029,SRIPERUMBUDUR (SC),199,198,2,333,535,15,16,10,0,3,64,0,0,0,2,4,2,8,994,0,994,0
029,SRIPERUMBUDUR (SC),200,199,1,169,283,9,5,9,0,0,18,0,0,0,0,1,0,14,509,0,509,0
029,SRIPERUMBUDUR (SC),201,200,3,210,460,6,20,26,0,1,40,2,0,1,0,0,0,14,783,0,783,0
029,SRIPERUMBUDUR (SC),202,201,1,284,366,12,14,14,0,0,20,1,0,0,0,1,1,11,725,0,725,0
029,SRIPERUMBUDUR (SC),203,202,3,232,383,23,16,16,1,0,21,1,0,0,0,0,0,9,705,0,705,0
029,SRIPERUMBUDUR (SC),204,203,4,226,310,10,14,20,0,1,21,0,0,1,0,2,0,14,623,0,623,0
029,SRIPERUMBUDUR (SC),205,204,0,240,335,13,12,9,1,2,42,0,0,0,1,2,2,23,682,0,682,0
029,SRIPERUMBUDUR (SC),206,205,1,290,309,32,27,20,0,0,25,1,0,0,0,0,0,24,729,0,729,0
029,SRIPERUMBUDUR (SC),207,206,0,330,290,17,29,34,0,2,36,1,1,0,0,0,0,9,749,0,749,0
029,SRIPERUMBUDUR (SC),208,207,1,272,288,11,33,39,1,2,52,0,0,0,0,0,1,15,715,0,715,0
029,SRIPERUMBUDUR (SC),209,208,0,315,298,13,30,38,0,1,25,3,1,2,0,2,2,16,746,0,746,0
029,SRIPERUMBUDUR (SC),210,209,0,430,443,12,5,7,0,1,34,0,0,1,0,2,0,2,937,0,937,0
029,SRIPERUMBUDUR (SC),211,210,1,307,297,8,13,7,0,0,21,0,1,0,0,6,1,4,666,0,666,0
029,SRIPERUMBUDUR (SC),212,211,4,398,434,14,12,6,0,2,67,1,0,2,0,3,0,9,952,0,952,0
029,SRIPERUMBUDUR (SC),213,212,2,301,569,14,10,35,0,1,23,1,1,1,1,3,1,12,975,0,975,0
029,SRIPERUMBUDUR (SC),214,213,1,353,478,3,8,5,0,0,27,1,0,0,0,0,2,10,888,0,888,0
029,SRIPERUMBUDUR (SC),215,214,6,416,417,5,4,10,0,1,28,0,0,0,1,1,5,9,903,0,903,0
029,SRIPERUMBUDUR (SC),216,215,1,204,273,8,13,6,0,1,19,2,1,1,1,0,0,7,537,0,537,0
029,SRIPERUMBUDUR (SC),217,216,1,400,309,15,14,4,1,0,78,0,0,0,0,0,1,6,829,0,829,0
029,SRIPERUMBUDUR (SC),218,217,2,210,457,15,3,44,0,1,71,0,1,0,0,3,0,10,817,0,817,0
029,SRIPERUMBUDUR (SC),219,218,0,234,501,11,7,34,0,0,44,1,0,0,0,2,1,11,846,0,846,0
029,SRIPERUMBUDUR (SC),220,219,1,198,336,5,2,23,0,0,35,0,0,0,0,0,1,10,611,0,611,0
029,SRIPERUMBUDUR (SC),221,220,2,218,294,5,5,47,0,0,19,0,1,0,0,1,0,6,598,0,598,0
029,SRIPERUMBUDUR (SC),222,221,3,438,400,8,19,27,1,1,44,0,1,0,2,1,4,9,958,0,958,0
029,SRIPERUMBUDUR (SC),223,222,1,238,225,8,4,8,0,0,26,1,0,0,0,0,0,3,514,0,514,0
029,SRIPERUMBUDUR (SC),224,223,2,331,312,8,5,41,0,0,20,0,0,0,1,1,1,3,725,0,725,0
029,SRIPERUMBUDUR (SC),225,224,1,114,173,8,5,23,0,0,27,0,0,1,0,0,0,4,356,0,356,0
029,SRIPERUMBUDUR (SC),226,225,0,262,408,13,13,96,0,0,36,0,0,1,1,1,0,3,834,0,834,0
029,SRIPERUMBUDUR (SC),227,226,0,302,353,1,10,65,0,0,62,1,0,0,1,0,0,9,804,0,804,0
029,SRIPERUMBUDUR (SC),228,227,5,270,335,10,12,61,0,1,40,0,1,0,0,2,2,6,745,0,745,0
029,SRIPERUMBUDUR (SC),229,228,5,512,314,4,8,1,0,0,66,0,0,0,1,1,0,12,924,0,924,0
029,SRIPERUMBUDUR (SC),230,229,3,359,280,1,6,2,0,0,28,1,1,0,0,0,2,3,686,0,686,0
029,SRIPERUMBUDUR (SC),231,230,2,276,293,11,6,10,1,0,68,0,0,0,0,0,2,13,682,0,682,0
029,SRIPERUMBUDUR (SC),232,231,0,164,312,4,3,0,1,0,52,0,0,0,1,2,0,3,542,0,542,0
029,SRIPERUMBUDUR (SC),233,232,2,375,238,13,17,14,0,0,82,0,0,0,0,0,0,10,751,0,751,0
029,SRIPERUMBUDUR (SC),234,233,3,490,293,12,9,19,1,1,80,0,0,0,1,1,0,14,924,0,924,0
029,SRIPERUMBUDUR (SC),235,234,0,415,424,24,12,12,0,1,33,0,0,2,0,1,0,11,935,0,935,0
029,SRIPERUMBUDUR (SC),236,235,1,434,264,43,32,41,1,6,38,0,1,3,1,1,0,46,912,0,912,0
029,SRIPERUMBUDUR (SC),237,236,3,321,374,18,11,13,0,1,57,0,0,0,0,2,8,10,818,0,818,0
029,SRIPERUMBUDUR (SC),238,237,1,83,80,30,14,6,0,1,9,0,0,0,0,0,0,11,235,0,235,0
029,SRIPERUMBUDUR (SC),239,238,2,318,174,105,38,50,0,3,47,1,0,2,1,0,1,24,766,0,766,0
029,SRIPERUMBUDUR (SC),240,239,3,329,580,19,20,45,1,1,94,0,0,1,0,1,1,17,1112,0,1112,0
029,SRIPERUMBUDUR (SC),241,240,1,141,135,5,1,10,0,0,24,0,0,1,1,1,0,1,321,0,321,0
029,SRIPERUMBUDUR (SC),242,241,1,235,344,30,6,74,1,1,78,1,0,1,1,4,4,5,786,0,786,0
029,SRIPERUMBUDUR (SC),243,242,3,241,210,6,7,68,0,0,25,0,0,1,0,1,4,12,578,0,578,0
029,SRIPERUMBUDUR (SC),244,243,2,242,217,7,11,46,0,0,19,1,0,1,2,1,0,11,560,0,560,0
029,SRIPERUMBUDUR (SC),245,244,2,297,420,14,6,183,1,0,36,0,1,0,0,0,1,11,972,0,972,0
029,SRIPERUMBUDUR (SC),246,245,2,398,297,9,7,15,0,3,60,0,2,3,0,0,3,7,806,0,806,0
029,SRIPERUMBUDUR (SC),247,246,2,493,179,7,7,5,0,0,53,0,0,0,0,4,0,11,761,0,761,0
029,SRIPERUMBUDUR (SC),248,247,1,487,371,2,10,9,0,0,36,1,1,0,0,6,0,7,931,0,931,0
029,SRIPERUMBUDUR (SC),249,248,1,386,183,2,0,103,1,0,9,1,0,1,0,0,3,4,694,0,694,0
029,SRIPERUMBUDUR (SC),250,249,2,151,282,9,9,217,0,3,13,1,1,0,2,4,4,6,704,0,704,0
029,SRIPERUMBUDUR (SC),251,250,1,367,437,6,0,72,1,2,21,2,1,0,1,2,1,4,918,0,918,0
029,SRIPERUMBUDUR (SC),252,251,2,389,257,4,1,53,0,0,8,1,0,1,1,4,3,7,731,0,731,0
029,SRIPERUMBUDUR (SC),253,252,2,211,286,5,1,129,0,0,33,0,0,0,1,2,1,3,674,0,674,0
029,SRIPERUMBUDUR (SC),254,253,8,132,172,4,3,132,2,1,11,0,0,1,0,2,0,2,470,0,470,0
029,SRIPERUMBUDUR (SC),255,254,1,273,185,0,1,73,0,5,8,1,0,0,0,1,0,3,551,0,551,0
029,SRIPERUMBUDUR (SC),256,255,1,297,216,4,2,93,0,11,23,0,1,0,0,0,4,0,652,0,652,0
029,SRIPERUMBUDUR (SC),257,256,1,158,274,4,2,0,0,19,18,0,0,1,0,1,0,4,482,0,482,0
029,SRIPERUMBUDUR (SC),258,257,1,387,351,39,1,8,0,0,20,0,0,0,2,4,6,4,823,0,823,0
029,SRIPERUMBUDUR (SC),259,258,2,340,192,6,7,96,0,0,14,0,0,0,1,0,2,2,662,0,662,0
029,SRIPERUMBUDUR (SC),260,259,2,471,425,7,4,5,0,2,43,1,1,0,2,1,1,8,973,0,973,0
029,SRIPERUMBUDUR (SC),261,260,2,196,250,4,8,16,0,1,27,0,0,0,0,0,1,7,512,0,512,0
029,SRIPERUMBUDUR (SC),262,261,3,222,345,8,3,9,1,1,24,1,0,1,1,3,0,0,622,0,622,0
029,SRIPERUMBUDUR (SC),263,262,3,340,347,6,4,80,0,2,31,1,1,0,2,0,4,4,825,0,825,0
029,SRIPERUMBUDUR (SC),264,263,2,195,179,11,9,136,0,2,30,0,0,0,0,1,2,7,574,0,574,0
029,SRIPERUMBUDUR (SC),265,264,1,285,423,4,6,57,0,0,48,0,0,1,1,3,2,4,835,0,835,0
029,SRIPERUMBUDUR (SC),266,265,1,260,433,3,11,8,0,1,18,0,0,2,0,0,0,5,742,0,742,0
029,SRIPERUMBUDUR (SC),267,266,6,448,507,15,8,5,0,1,31,0,0,1,3,4,3,1,1033,0,1033,0
029,SRIPERUMBUDUR (SC),268,267,3,309,243,3,3,1,0,0,23,1,1,0,0,2,3,2,594,0,594,0
029,SRIPERUMBUDUR (SC),269,268,2,318,343,9,2,4,0,0,32,0,0,0,1,5,1,3,720,0,720,0
029,SRIPERUMBUDUR (SC),270,269,6,437,398,44,12,49,0,6,102,1,5,2,4,5,8,13,1092,0,1092,0
029,SRIPERUMBUDUR (SC),271,270,2,253,314,6,20,0,0,2,85,0,1,0,0,4,1,6,694,0,694,0
029,SRIPERUMBUDUR (SC),272,271,0,253,259,6,4,134,1,1,30,0,0,0,0,0,1,4,693,0,693,0
029,SRIPERUMBUDUR (SC),273,272,0,242,286,2,2,22,0,0,14,0,0,0,0,0,2,3,573,0,573,0
029,SRIPERUMBUDUR (SC),274,273,1,229,394,7,1,20,0,1,16,0,1,0,0,1,0,2,673,0,673,0
029,SRIPERUMBUDUR (SC),275,274,1,280,330,6,1,30,0,1,11,0,0,0,0,5,1,1,667,0,667,0
029,SRIPERUMBUDUR (SC),276,275,2,317,528,6,3,56,0,2,36,1,0,1,2,1,1,3,959,0,959,0
029,SRIPERUMBUDUR (SC),277,276,4,321,543,7,7,30,1,2,27,0,0,0,1,2,0,3,948,0,948,0
029,SRIPERUMBUDUR (SC),278,277,3,332,400,12,2,39,0,0,51,0,0,0,2,2,4,4,851,0,851,0
029,SRIPERUMBUDUR (SC),279,278,1,304,358,6,1,11,0,1,63,0,1,0,0,1,1,3,751,0,751,0
029,SRIPERUMBUDUR (SC),280,279,5,615,530,11,5,97,0,2,27,0,1,0,8,5,5,6,1317,0,1317,0
029,SRIPERUMBUDUR (SC),281,280,0,391,365,8,5,19,1,1,11,0,0,0,1,0,2,1,805,0,805,0
029,SRIPERUMBUDUR (SC),282,281,0,209,293,9,0,4,0,0,43,1,0,0,0,0,0,1,560,0,560,0
029,SRIPERUMBUDUR (SC),283,282,0,249,368,15,2,9,1,0,56,0,0,2,0,1,1,2,706,0,706,0
029,SRIPERUMBUDUR (SC),284,283,2,262,506,8,8,45,1,2,54,0,0,1,1,2,2,6,900,0,900,0
029,SRIPERUMBUDUR (SC),285,284,1,198,161,6,6,18,0,0,29,0,0,0,1,0,0,5,425,0,425,0
029,SRIPERUMBUDUR (SC),286,285,2,270,285,6,6,23,0,0,40,0,0,0,0,0,1,6,639,0,639,0
029,SRIPERUMBUDUR (SC),287,286,3,408,332,8,8,41,1,2,48,0,0,3,0,1,3,3,861,0,861,0
029,SRIPERUMBUDUR (SC),288,287,2,453,329,13,15,24,0,0,84,1,0,0,0,1,2,12,936,0,936,0
029,SRIPERUMBUDUR (SC),289,288,1,269,333,8,8,8,0,1,53,0,0,0,0,0,0,3,684,0,684,0
029,SRIPERUMBUDUR (SC),290,289,2,375,294,7,15,25,1,3,52,1,1,0,0,0,0,10,786,0,786,0
029,SRIPERUMBUDUR (SC),291,290,0,345,228,7,8,18,0,3,35,0,0,0,0,0,2,9,655,0,655,0
029,SRIPERUMBUDUR (SC),292,291,0,429,298,16,20,22,0,0,35,0,0,0,0,2,1,12,835,0,835,0
029,SRIPERUMBUDUR (SC),293,292,5,413,464,10,10,37,0,0,59,1,0,0,1,1,1,14,1016,0,1016,0
029,SRIPERUMBUDUR (SC),294,293,4,246,362,11,5,99,2,2,21,2,0,1,2,0,2,13,772,0,772,0
029,SRIPERUMBUDUR (SC),295,294,0,216,298,10,8,75,0,0,25,1,0,0,0,0,1,3,637,0,637,0
029,SRIPERUMBUDUR (SC),296,295,1,160,170,4,4,125,1,1,12,0,0,0,1,1,0,5,485,0,485,0
029,SRIPERUMBUDUR (SC),297,296,5,290,337,19,12,62,0,0,61,1,0,0,3,3,1,11,805,0,805,0
029,SRIPERUMBUDUR (SC),298,297,1,202,274,13,21,146,1,1,82,0,0,0,0,0,1,14,756,0,756,0
029,SRIPERUMBUDUR (SC),299,298,2,286,346,5,6,21,1,1,53,0,0,1,2,1,1,9,735,0,735,0
029,SRIPERUMBUDUR (SC),300,299,4,220,445,7,10,6,0,0,67,0,0,0,4,3,1,7,774,0,774,0
029,SRIPERUMBUDUR (SC),301,300,0,204,180,6,6,12,0,0,39,0,0,0,0,0,0,6,453,0,453,0
029,SRIPERUMBUDUR (SC),302,301,3,270,257,9,11,23,0,0,59,1,0,0,0,0,0,14,647,0,647,0
029,SRIPERUMBUDUR (SC),303,302,4,394,284,6,19,23,0,1,47,1,0,0,0,2,0,12,793,0,793,0
029,SRIPERUMBUDUR (SC),304,303,1,217,209,2,1,8,0,0,33,0,0,0,0,0,0,3,474,0,474,0
029,SRIPERUMBUDUR (SC),305,304,1,249,192,7,11,10,2,0,55,0,0,0,0,0,0,8,535,0,535,0
029,SRIPERUMBUDUR (SC),306,305,1,239,224,8,15,15,0,0,40,0,1,1,0,0,0,7,551,0,551,0
029,SRIPERUMBUDUR (SC),307,306,0,327,383,9,17,13,0,0,42,0,0,1,2,0,2,11,807,0,807,0
029,SRIPERUMBUDUR (SC),308,307,0,164,220,13,6,17,0,0,13,0,0,0,2,1,0,5,441,0,441,0
029,SRIPERUMBUDUR (SC),309,308,2,387,331,15,28,15,0,0,72,0,1,0,0,0,0,15,866,0,866,0
029,SRIPERUMBUDUR (SC),310,309,0,126,106,10,9,8,0,0,20,0,0,0,0,1,0,8,288,0,288,0
029,SRIPERUMBUDUR (SC),311,310,1,284,220,14,19,12,0,0,27,1,0,0,0,0,0,14,592,0,592,0
029,SRIPERUMBUDUR (SC),312,311,1,236,181,14,21,19,0,0,30,0,0,0,1,1,0,15,519,0,519,0
029,SRIPERUMBUDUR (SC),313,312,1,191,153,20,24,21,0,1,23,0,0,1,0,0,0,12,447,0,447,0
029,SRIPERUMBUDUR (SC),314,313,2,246,270,19,26,29,0,2,34,0,1,0,1,0,0,24,654,0,654,0
029,SRIPERUMBUDUR (SC),315,314,1,371,623,9,4,87,0,0,21,1,0,0,1,2,0,3,1123,0,1123,0
029,SRIPERUMBUDUR (SC),316,315,2,234,439,5,11,41,2,0,23,0,0,0,0,0,1,9,767,0,767,0
029,SRIPERUMBUDUR (SC),317,316,2,195,408,12,17,36,1,0,20,0,0,1,1,2,0,11,706,0,706,0
029,SRIPERUMBUDUR (SC),318,317,3,321,272,3,5,16,1,0,44,1,1,0,2,3,1,3,676,0,676,0
029,SRIPERUMBUDUR (SC),319,318,3,402,272,10,8,112,0,1,28,2,3,0,1,2,2,20,866,0,866,0
029,SRIPERUMBUDUR (SC),320,319,0,371,343,36,44,28,0,3,53,1,2,2,0,2,0,13,898,0,898,0
029,SRIPERUMBUDUR (SC),321,320,1,347,377,25,47,34,0,2,46,1,3,2,2,2,0,31,920,0,920,0
029,SRIPERUMBUDUR (SC),322,321,0,312,336,14,12,35,1,0,20,0,0,0,0,0,0,10,740,0,740,0
029,SRIPERUMBUDUR (SC),323,322,1,203,174,5,4,57,0,1,11,0,1,0,0,0,0,8,465,0,465,0
029,SRIPERUMBUDUR (SC),324,323,0,313,433,12,14,23,0,1,96,1,1,0,1,1,3,10,909,0,909,0
029,SRIPERUMBUDUR (SC),325,324,1,366,260,21,14,40,1,1,53,0,0,1,0,1,0,21,780,0,780,0
029,SRIPERUMBUDUR (SC),326,325,0,190,257,5,6,22,1,0,51,1,0,0,0,2,2,14,551,0,551,0
029,SRIPERUMBUDUR (SC),327,326,1,260,323,10,15,61,0,1,85,0,0,1,0,1,0,6,764,0,764,0
029,SRIPERUMBUDUR (SC),328,327,0,289,292,20,40,46,1,3,51,0,0,0,0,0,0,21,763,0,763,0
029,SRIPERUMBUDUR (SC),329,328,1,316,264,40,53,44,0,0,74,0,0,0,1,0,2,34,829,0,829,0
029,SRIPERUMBUDUR (SC),330,329,4,351,313,24,17,47,0,3,79,0,0,0,0,0,2,10,850,0,850,0
029,SRIPERUMBUDUR (SC),331,330,2,275,205,9,12,58,0,0,68,0,0,0,1,1,2,4,637,0,637,0
